ID,First Name,Last Name,DOB,Gender,Email,Phone,Enrollment Year,Major
1,Minh,,1999-02-01,M,minhhang@gmail.com,0328090177,2017,Academic English
2,Linh,Pham,2004-09-21,F,s2@example.com,0987654321,2022,Physics
3,Khoa,Le,2003-03-10,M,s3@example.com,0912345678,2021,Mathematics
4,An,Vu,2004-11-02,F,s4@example.com,0901122334,2022,Computer Science
5,Huy,Dang,2003-08-19,M,s5@example.com,0933112455,2021,Statistics
6,Nhi,Lam,2005-01-15,F,s6@example.com,0988877665,2023,Computer Science
7,Bao,Ho,2004-07-03,M,s7@example.com,0911112222,2022,Mathematics
8,Quynh,Nguyen,2004-12-25,F,s8@example.com,0914455667,2022,English
9,Long,Pham,2003-02-08,M,s9@example.com,0939998888,2021,Physics
10,Trang,Do,2005-04-14,F,s10@example.com,0975772446,2023,Computer Science
11,Student1,Test1,2003-01-02,F,student1@example.com,0900000001,2021,Mathematics
12,Student2,Test2,2003-01-03,O,student2@example.com,0900000002,2022,Physics
13,Student3,Test3,2003-01-04,M,student3@example.com,0900000003,2023,Statistics
14,Student4,Test4,2003-01-05,F,student4@example.com,0900000004,2024,Computer Science
15,Student5,Test5,2003-01-06,O,student5@example.com,0900000005,2020,Mathematics
16,Student6,Test6,2003-01-07,M,student6@example.com,0900000006,2021,Physics
17,Student7,Test7,2003-01-08,F,student7@example.com,0900000007,2022,Statistics
18,Student8,Test8,2003-01-09,O,student8@example.com,0900000008,2023,Computer Science
19,Student9,Test9,2003-01-10,M,student9@example.com,0900000009,2024,Mathematics
20,Student10,Test10,2003-01-11,F,student10@example.com,0900000010,2020,Physics
21,Student11,Test11,2003-01-12,O,student11@example.com,0900000011,2021,Statistics
22,Student12,Test12,2003-01-13,M,student12@example.com,0900000012,2022,Computer Science
23,Student13,Test13,2003-01-14,F,student13@example.com,0900000013,2023,Mathematics
24,Student14,Test14,2003-01-15,O,student14@example.com,0900000014,2024,Physics
25,Student15,Test15,2003-01-16,M,student15@example.com,0900000015,2020,Statistics
26,Student16,Test16,2003-01-17,F,student16@example.com,0900000016,2021,Computer Science
27,Student17,Test17,2003-01-18,O,student17@example.com,0900000017,2022,Mathematics
28,Student18,Test18,2003-01-19,M,student18@example.com,0900000018,2023,Physics
29,Student19,Test19,2003-01-20,F,student19@example.com,0900000019,2024,Statistics
30,Student20,Test20,2003-01-21,O,student20@example.com,0900000020,2020,Computer Science
31,Student21,Test21,2003-01-22,M,student21@example.com,0900000021,2021,Mathematics
32,Student22,Test22,2003-01-23,F,student22@example.com,0900000022,2022,Physics
33,Student23,Test23,2003-01-24,O,student23@example.com,0900000023,2023,Statistics
34,Student24,Test24,2003-01-25,M,student24@example.com,0900000024,2024,Computer Science
35,Student25,Test25,2003-01-26,F,student25@example.com,0900000025,2020,Mathematics
36,Student26,Test26,2003-01-27,O,student26@example.com,0900000026,2021,Physics
37,Student27,Test27,2003-01-28,M,student27@example.com,0900000027,2022,Statistics
38,Student28,Test28,2003-01-29,F,student28@example.com,0900000028,2023,Computer Science
39,Student29,Test29,2003-01-30,O,student29@example.com,0900000029,2024,Mathematics
40,Student30,Test30,2003-01-31,M,student30@example.com,0900000030,2020,Physics
41,Student31,Test31,2003-02-01,F,student31@example.com,0900000031,2021,Statistics
42,Student32,Test32,2003-02-02,O,student32@example.com,0900000032,2022,Computer Science
43,Student33,Test33,2003-02-03,M,student33@example.com,0900000033,2023,Mathematics
44,Student34,Test34,2003-02-04,F,student34@example.com,0900000034,2024,Physics
45,Student35,Test35,2003-02-05,O,student35@example.com,0900000035,2020,Statistics
46,Student36,Test36,2003-02-06,M,student36@example.com,0900000036,2021,Computer Science
47,Student37,Test37,2003-02-07,F,student37@example.com,0900000037,2022,Mathematics
48,Student38,Test38,2003-02-08,O,student38@example.com,0900000038,2023,Physics
49,Student39,Test39,2003-02-09,M,student39@example.com,0900000039,2024,Statistics
50,Student40,Test40,2003-02-10,F,student40@example.com,0900000040,2020,Computer Science
51,Student41,Test41,2003-02-11,O,student41@example.com,0900000041,2021,Mathematics
52,Student42,Test42,2003-02-12,M,student42@example.com,0900000042,2022,Physics
53,Student43,Test43,2003-02-13,F,student43@example.com,0900000043,2023,Statistics
54,Student44,Test44,2003-02-14,O,student44@example.com,0900000044,2024,Computer Science
55,Student45,Test45,2003-02-15,M,student45@example.com,0900000045,2020,Mathematics
56,Student46,Test46,2003-02-16,F,student46@example.com,0900000046,2021,Physics
57,Student47,Test47,2003-02-17,O,student47@example.com,0900000047,2022,Statistics
58,Student48,Test48,2003-02-18,M,student48@example.com,0900000048,2023,Computer Science
59,Student49,Test49,2003-02-19,F,student49@example.com,0900000049,2024,Mathematics
60,Student50,Test50,2003-02-20,O,student50@example.com,0900000050,2020,Physics
61,Student51,Test51,2003-02-21,M,student51@example.com,0900000051,2021,Statistics
62,Student52,Test52,2003-02-22,F,student52@example.com,0900000052,2022,Computer Science
63,Student53,Test53,2003-02-23,O,student53@example.com,0900000053,2023,Mathematics
64,Student54,Test54,2003-02-24,M,student54@example.com,0900000054,2024,Physics
65,Student55,Test55,2003-02-25,F,student55@example.com,0900000055,2020,Statistics
66,Student56,Test56,2003-02-26,O,student56@example.com,0900000056,2021,Computer Science
67,Student57,Test57,2003-02-27,M,student57@example.com,0900000057,2022,Mathematics
68,Student58,Test58,2003-02-28,F,student58@example.com,0900000058,2023,Physics
69,Student59,Test59,2003-03-01,O,student59@example.com,0900000059,2024,Statistics
70,Student60,Test60,2003-03-02,M,student60@example.com,0900000060,2020,Computer Science
71,Student61,Test61,2003-03-03,F,student61@example.com,0900000061,2021,Mathematics
72,Student62,Test62,2003-03-04,O,student62@example.com,0900000062,2022,Physics
73,Student63,Test63,2003-03-05,M,student63@example.com,0900000063,2023,Statistics
74,Student64,Test64,2003-03-06,F,student64@example.com,0900000064,2024,Computer Science
75,Student65,Test65,2003-03-07,O,student65@example.com,0900000065,2020,Mathematics
76,Student66,Test66,2003-03-08,M,student66@example.com,0900000066,2021,Physics
77,Student67,Test67,2003-03-09,F,student67@example.com,0900000067,2022,Statistics
78,Student68,Test68,2003-03-10,O,student68@example.com,0900000068,2023,Computer Science
79,Student69,Test69,2003-03-11,M,student69@example.com,0900000069,2024,Mathematics
80,Student70,Test70,2003-03-12,F,student70@example.com,0900000070,2020,Physics
81,Student71,Test71,2003-03-13,O,student71@example.com,0900000071,2021,Statistics
82,Student72,Test72,2003-03-14,M,student72@example.com,0900000072,2022,Computer Science
83,Student73,Test73,2003-03-15,F,student73@example.com,0900000073,2023,Mathematics
84,Student74,Test74,2003-03-16,O,student74@example.com,0900000074,2024,Physics
85,Student75,Test75,2003-03-17,M,student75@example.com,0900000075,2020,Statistics
86,Student76,Test76,2003-03-18,F,student76@example.com,0900000076,2021,Computer Science
87,Student77,Test77,2003-03-19,O,student77@example.com,0900000077,2022,Mathematics
88,Student78,Test78,2003-03-20,M,student78@example.com,0900000078,2023,Physics
89,Student79,Test79,2003-03-21,F,student79@example.com,0900000079,2024,Statistics
90,Student80,Test80,2003-03-22,O,student80@example.com,0900000080,2020,Computer Science
91,Student81,Test81,2003-03-23,M,student81@example.com,0900000081,2021,Mathematics
92,Student82,Test82,2003-03-24,F,student82@example.com,0900000082,2022,Physics
93,Student83,Test83,2003-03-25,O,student83@example.com,0900000083,2023,Statistics
94,Student84,Test84,2003-03-26,M,student84@example.com,0900000084,2024,Computer Science
95,Student85,Test85,2003-03-27,F,student85@example.com,0900000085,2020,Mathematics
96,Student86,Test86,2003-03-28,O,student86@example.com,0900000086,2021,Physics
97,Student87,Test87,2003-03-29,M,student87@example.com,0900000087,2022,Statistics
98,Student88,Test88,2003-03-30,F,student88@example.com,0900000088,2023,Computer Science
99,Student89,Test89,2003-03-31,O,student89@example.com,0900000089,2024,Mathematics
100,Student90,Test90,2003-04-01,M,student90@example.com,0900000090,2020,Physics
101,Student91,Test91,2003-04-02,F,student91@example.com,0900000091,2021,Statistics
102,Student92,Test92,2003-04-03,O,student92@example.com,0900000092,2022,Computer Science
103,Student93,Test93,2003-04-04,M,student93@example.com,0900000093,2023,Mathematics
104,Student94,Test94,2003-04-05,F,student94@example.com,0900000094,2024,Physics
105,Student95,Test95,2003-04-06,O,student95@example.com,0900000095,2020,Statistics
106,Student96,Test96,2003-04-07,M,student96@example.com,0900000096,2021,Computer Science
107,Student97,Test97,2003-04-08,F,student97@example.com,0900000097,2022,Mathematics
108,Student98,Test98,2003-04-09,O,student98@example.com,0900000098,2023,Physics
109,Student99,Test99,2003-04-10,M,student99@example.com,0900000099,2024,Statistics
110,Student100,Test100,2003-04-11,F,student100@example.com,0900000100,2020,Computer Science
111,Student101,Test101,2003-04-12,O,student101@example.com,0900000101,2021,Mathematics
112,Student102,Test102,2003-04-13,M,student102@example.com,0900000102,2022,Physics
113,Student103,Test103,2003-04-14,F,student103@example.com,0900000103,2023,Statistics
114,Student104,Test104,2003-04-15,O,student104@example.com,0900000104,2024,Computer Science
115,Student105,Test105,2003-04-16,M,student105@example.com,0900000105,2020,Mathematics
116,Student106,Test106,2003-04-17,F,student106@example.com,0900000106,2021,Physics
117,Student107,Test107,2003-04-18,O,student107@example.com,0900000107,2022,Statistics
118,Student108,Test108,2003-04-19,M,student108@example.com,0900000108,2023,Computer Science
119,Student109,Test109,2003-04-20,F,student109@example.com,0900000109,2024,Mathematics
120,Student110,Test110,2003-04-21,O,student110@example.com,0900000110,2020,Physics
121,Student111,Test111,2003-04-22,M,student111@example.com,0900000111,2021,Statistics
122,Student112,Test112,2003-04-23,F,student112@example.com,0900000112,2022,Computer Science
123,Student113,Test113,2003-04-24,O,student113@example.com,0900000113,2023,Mathematics
124,Student114,Test114,2003-04-25,M,student114@example.com,0900000114,2024,Physics
125,Student115,Test115,2003-04-26,F,student115@example.com,0900000115,2020,Statistics
126,Student116,Test116,2003-04-27,O,student116@example.com,0900000116,2021,Computer Science
127,Student117,Test117,2003-04-28,M,student117@example.com,0900000117,2022,Mathematics
128,Student118,Test118,2003-04-29,F,student118@example.com,0900000118,2023,Physics
129,Student119,Test119,2003-04-30,O,student119@example.com,0900000119,2024,Statistics
130,Student120,Test120,2003-05-01,M,student120@example.com,0900000120,2020,Computer Science
131,Student121,Test121,2003-05-02,F,student121@example.com,0900000121,2021,Mathematics
132,Student122,Test122,2003-05-03,O,student122@example.com,0900000122,2022,Physics
133,Student123,Test123,2003-05-04,M,student123@example.com,0900000123,2023,Statistics
134,Student124,Test124,2003-05-05,F,student124@example.com,0900000124,2024,Computer Science
135,Student125,Test125,2003-05-06,O,student125@example.com,0900000125,2020,Mathematics
136,Student126,Test126,2003-05-07,M,student126@example.com,0900000126,2021,Physics
137,Student127,Test127,2003-05-08,F,student127@example.com,0900000127,2022,Statistics
138,Student128,Test128,2003-05-09,O,student128@example.com,0900000128,2023,Computer Science
139,Student129,Test129,2003-05-10,M,student129@example.com,0900000129,2024,Mathematics
140,Student130,Test130,2003-05-11,F,student130@example.com,0900000130,2020,Physics
141,Student131,Test131,2003-05-12,O,student131@example.com,0900000131,2021,Statistics
142,Student132,Test132,2003-05-13,M,student132@example.com,0900000132,2022,Computer Science
143,Student133,Test133,2003-05-14,F,student133@example.com,0900000133,2023,Mathematics
144,Student134,Test134,2003-05-15,O,student134@example.com,0900000134,2024,Physics
145,Student135,Test135,2003-05-16,M,student135@example.com,0900000135,2020,Statistics
146,Student136,Test136,2003-05-17,F,student136@example.com,0900000136,2021,Computer Science
147,Student137,Test137,2003-05-18,O,student137@example.com,0900000137,2022,Mathematics
148,Student138,Test138,2003-05-19,M,student138@example.com,0900000138,2023,Physics
149,Student139,Test139,2003-05-20,F,student139@example.com,0900000139,2024,Statistics
150,Student140,Test140,2003-05-21,O,student140@example.com,0900000140,2020,Computer Science
151,Student141,Test141,2003-05-22,M,student141@example.com,0900000141,2021,Mathematics
152,Student142,Test142,2003-05-23,F,student142@example.com,0900000142,2022,Physics
153,Student143,Test143,2003-05-24,O,student143@example.com,0900000143,2023,Statistics
154,Student144,Test144,2003-05-25,M,student144@example.com,0900000144,2024,Computer Science
155,Student145,Test145,2003-05-26,F,student145@example.com,0900000145,2020,Mathematics
156,Student146,Test146,2003-05-27,O,student146@example.com,0900000146,2021,Physics
157,Student147,Test147,2003-05-28,M,student147@example.com,0900000147,2022,Statistics
158,Student148,Test148,2003-05-29,F,student148@example.com,0900000148,2023,Computer Science
159,Student149,Test149,2003-05-30,O,student149@example.com,0900000149,2024,Mathematics
160,Student150,Test150,2003-05-31,M,student150@example.com,0900000150,2020,Physics
161,Student151,Test151,2003-06-01,F,student151@example.com,0900000151,2021,Statistics
162,Student152,Test152,2003-06-02,O,student152@example.com,0900000152,2022,Computer Science
163,Student153,Test153,2003-06-03,M,student153@example.com,0900000153,2023,Mathematics
164,Student154,Test154,2003-06-04,F,student154@example.com,0900000154,2024,Physics
165,Student155,Test155,2003-06-05,O,student155@example.com,0900000155,2020,Statistics
166,Student156,Test156,2003-06-06,M,student156@example.com,0900000156,2021,Computer Science
167,Student157,Test157,2003-06-07,F,student157@example.com,0900000157,2022,Mathematics
168,Student158,Test158,2003-06-08,O,student158@example.com,0900000158,2023,Physics
169,Student159,Test159,2003-06-09,M,student159@example.com,0900000159,2024,Statistics
170,Student160,Test160,2003-06-10,F,student160@example.com,0900000160,2020,Computer Science
171,Student161,Test161,2003-06-11,O,student161@example.com,0900000161,2021,Mathematics
172,Student162,Test162,2003-06-12,M,student162@example.com,0900000162,2022,Physics
173,Student163,Test163,2003-06-13,F,student163@example.com,0900000163,2023,Statistics
174,Student164,Test164,2003-06-14,O,student164@example.com,0900000164,2024,Computer Science
175,Student165,Test165,2003-06-15,M,student165@example.com,0900000165,2020,Mathematics
176,Student166,Test166,2003-06-16,F,student166@example.com,0900000166,2021,Physics
177,Student167,Test167,2003-06-17,O,student167@example.com,0900000167,2022,Statistics
178,Student168,Test168,2003-06-18,M,student168@example.com,0900000168,2023,Computer Science
179,Student169,Test169,2003-06-19,F,student169@example.com,0900000169,2024,Mathematics
180,Student170,Test170,2003-06-20,O,student170@example.com,0900000170,2020,Physics
181,Student171,Test171,2003-06-21,M,student171@example.com,0900000171,2021,Statistics
182,Student172,Test172,2003-06-22,F,student172@example.com,0900000172,2022,Computer Science
183,Student173,Test173,2003-06-23,O,student173@example.com,0900000173,2023,Mathematics
184,Student174,Test174,2003-06-24,M,student174@example.com,0900000174,2024,Physics
185,Student175,Test175,2003-06-25,F,student175@example.com,0900000175,2020,Statistics
186,Student176,Test176,2003-06-26,O,student176@example.com,0900000176,2021,Computer Science
187,Student177,Test177,2003-06-27,M,student177@example.com,0900000177,2022,Mathematics
188,Student178,Test178,2003-06-28,F,student178@example.com,0900000178,2023,Physics
189,Student179,Test179,2003-06-29,O,student179@example.com,0900000179,2024,Statistics
190,Student180,Test180,2003-06-30,M,student180@example.com,0900000180,2020,Computer Science
191,Student181,Test181,2003-07-01,F,student181@example.com,0900000181,2021,Mathematics
192,Student182,Test182,2003-07-02,O,student182@example.com,0900000182,2022,Physics
193,Student183,Test183,2003-07-03,M,student183@example.com,0900000183,2023,Statistics
194,Student184,Test184,2003-07-04,F,student184@example.com,0900000184,2024,Computer Science
195,Student185,Test185,2003-07-05,O,student185@example.com,0900000185,2020,Mathematics
196,Student186,Test186,2003-07-06,M,student186@example.com,0900000186,2021,Physics
197,Student187,Test187,2003-07-07,F,student187@example.com,0900000187,2022,Statistics
198,Student188,Test188,2003-07-08,O,student188@example.com,0900000188,2023,Computer Science
199,Student189,Test189,2003-07-09,M,student189@example.com,0900000189,2024,Mathematics
200,Student190,Test190,2003-07-10,F,student190@example.com,0900000190,2020,Physics
204,de,er,2000-01-01,M,hi@gmail.com,100,2024,New Item
205,hello,world,2000-01-01,M,e@gmail.com,12,2024,New Item
